T,TM,Tm,H,VV,V,VM,PM2.5,nan
23.4,30.3,19.0,59.0,6.3,4.3,5.4,284.7958333333333,nan
22.4,30.3,16.9,57.0,6.9,3.3,7.6,239.69545454545457,nan
24.0,31.8,16.9,51.0,6.9,2.8,5.4,182.1875,nan
22.8,30.2,17.6,55.0,7.7,3.7,7.6,264.06428571428575,nan
23.1,30.6,17.4,46.0,6.9,3.3,5.4,223.20833333333331,nan
22.9,30.6,17.4,51.0,6.9,3.5,3.5,200.64583333333337,nan
22.3,30.1,15.7,43.0,6.9,2.8,5.4,285.225,nan
21.8,30.6,14.8,41.0,6.9,1.9,5.4,334.3411764705882,nan
21.6,30.6,14.2,43.0,6.9,3.1,7.6,276.90833333333336,nan
21.6,29.6,16.4,58.0,6.9,2.2,3.5,108.0,nan
21.9,29.6,16.6,58.0,6.9,2.4,5.4,107.625,nan
22.3,29.9,17.5,55.0,6.9,3.1,5.4,125.89166666666668,nan
21.6,29.1,15.5,47.0,7.7,4.8,7.6,181.01250000000005,nan
21.8,29.2,14.6,41.0,6.9,2.8,3.5,152.55416666666667,nan
22.3,30.1,15.6,40.0,6.9,2.4,5.4,152.32083333333335,nan
22.1,29.8,17.3,54.0,6.9,5.2,9.4,319.7375,nan
21.6,29.2,15.3,51.0,6.9,3.9,5.4,332.7083333333333,nan
21.4,29.2,15.2,45.0,6.9,2.8,5.4,279.6,nan
21.8,29.6,14.4,37.0,7.4,2.2,3.5,179.11666666666667,nan
24.6,32.2,18.8,55.0,6.9,2.2,3.5,54.79166666666666,nan
24.6,32.2,21.0,63.0,5.5,3.9,9.4,93.375,nan
23.9,31.6,19.0,51.0,6.6,5.9,9.4,103.0,nan
24.5,31.5,18.9,49.0,6.9,4.8,9.4,132.20833333333334,nan
23.9,31.5,19.7,64.0,6.3,5.2,9.4,127.70833333333331,nan
24.3,31.4,20.2,68.0,6.9,3.5,5.4,145.77777777777777,nan
24.8,31.8,20.5,62.0,6.3,2.0,5.4,90.33333333333331,nan
24.5,32.2,19.7,59.0,6.6,3.9,5.4,135.83333333333334,nan
24.3,32.2,18.0,47.0,6.9,5.0,9.4,122.5,nan
24.1,33.4,15.9,29.0,7.7,3.5,5.4,69.66666666666667,nan
24.7,32.4,16.3,30.0,6.9,5.0,9.4,79.83333333333333,nan
24.7,32.4,16.9,32.0,6.9,0.9,3.5,83.61111111111111,nan
25.5,33.0,18.5,26.0,6.9,3.9,5.4,36.35714285714285,nan
25.5,33.0,18.9,34.0,6.9,4.6,7.6,2.555555555555556,nan
25.3,33.2,18.5,31.0,6.9,3.5,5.4,2.095238095238096,nan
24.0,30.4,21.0,71.0,6.3,5.2,5.4,105.83333333333331,nan
25.4,32.0,20.0,56.0,6.9,3.5,5.4,117.58333333333331,nan
25.8,34.1,20.3,51.0,6.6,1.5,3.5,122.70833333333331,nan
27.1,34.8,20.2,30.0,6.9,3.1,5.4,111.95833333333331,nan
26.8,34.7,20.7,34.0,6.9,2.4,5.4,59.208333333333336,nan
25.3,34.2,18.9,40.0,6.9,3.9,5.4,80.56521739130434,nan
26.9,34.6,19.9,37.0,6.9,5.0,5.4,98.70833333333331,nan
27.1,34.6,20.4,39.0,6.9,5.0,7.6,123.70833333333331,nan
26.8,34.5,20.5,32.0,6.9,4.6,7.6,64.79166666666667,nan
28.1,34.8,21.3,44.0,6.3,3.9,7.6,52.333333333333336,nan
28.8,35.4,23.2,44.0,6.9,4.3,5.4,52.04166666666666,nan
28.5,35.8,22.9,39.0,6.9,3.7,7.6,128.33333333333334,nan
28.1,36.5,22.4,57.0,6.9,3.1,5.4,0.0,nan
27.2,36.5,20.7,58.0,6.9,4.3,7.6,46.41666666666666,nan
26.9,34.9,22.2,54.0,6.9,5.0,11.1,33.09090909090909,nan
27.8,34.9,22.1,58.0,6.9,3.5,7.6,36.42857142857143,nan
29.9,36.8,23.3,41.0,6.9,3.7,7.6,81.83333333333333,nan
29.4,36.8,24.4,44.0,6.9,2.0,7.6,105.33333333333331,nan
29.6,36.0,24.5,42.0,6.9,3.9,7.6,117.75,nan
27.7,36.2,21.4,42.0,6.9,3.5,3.5,84.5,nan
29.2,35.9,23.1,50.0,6.9,3.9,7.6,46.91666666666666,nan
27.5,35.9,22.6,56.0,6.3,5.9,11.1,104.625,nan
28.2,35.8,22.5,50.0,6.9,5.0,7.6,110.875,nan
28.9,35.7,23.3,45.0,6.9,3.5,5.4,147.28571428571428,nan
28.2,35.7,22.6,53.0,6.9,4.6,5.4,0.0,nan
28.4,34.7,23.3,54.0,6.9,3.3,5.4,120.875,nan
28.2,34.5,24.4,56.0,6.9,3.0,5.4,127.86666666666666,nan
28.4,35.3,23.3,56.0,7.7,3.3,5.4,0.0,nan
28.7,37.0,22.7,43.0,6.9,3.5,5.4,94.75,nan
29.6,37.6,24.0,51.0,6.9,4.8,7.6,142.5,nan
28.3,37.6,24.0,58.0,6.9,6.5,11.1,133.375,nan
28.8,35.1,24.3,58.0,6.9,4.6,5.4,147.83333333333334,nan
28.0,35.1,23.4,61.0,6.9,5.9,7.6,158.29166666666666,nan
26.9,35.3,22.2,63.0,6.9,4.3,7.6,149.58333333333334,nan
26.1,32.1,22.1,68.0,6.9,4.4,5.4,101.5,nan
26.3,32.1,21.9,63.0,6.9,6.5,11.1,106.5,nan
26.4,33.8,21.6,58.0,7.6,5.6,7.6,128.125,nan
26.2,35.7,22.4,71.0,6.9,3.0,5.4,101.95833333333331,nan
25.2,33.8,21.4,75.0,6.3,5.0,7.6,98.41666666666669,nan
27.3,34.0,20.9,64.0,6.9,5.0,9.4,94.375,nan
26.5,33.5,22.0,58.0,6.3,8.0,11.1,107.625,nan
26.6,33.0,22.0,62.0,6.9,6.3,7.6,110.41666666666669,nan
25.5,33.0,20.6,66.0,6.9,6.3,7.6,95.83333333333331,nan
23.7,31.3,20.8,81.0,5.8,2.8,5.4,72.25,nan
21.8,29.4,20.0,90.0,5.5,6.1,7.6,38.66666666666666,nan
22.3,27.6,20.0,86.0,5.5,6.1,9.4,45.375,nan
22.3,27.6,19.2,85.0,5.5,6.3,7.6,65.16666666666667,nan
23.8,29.9,21.0,80.0,6.9,8.7,11.1,66.08333333333333,nan
23.0,28.8,20.1,77.0,6.3,8.1,11.1,77.66666666666667,nan
23.8,28.4,20.1,70.0,6.9,12.4,18.3,70.25,nan
23.7,28.3,20.0,69.0,6.9,11.3,14.8,56.29166666666666,nan
23.7,28.3,20.5,70.0,6.3,9.8,16.5,77.0,nan
23.4,28.6,20.0,74.0,6.9,9.6,11.1,32.958333333333336,nan
24.3,29.2,20.2,71.0,7.4,8.5,11.1,80.625,nan
23.6,30.2,20.3,74.0,6.9,7.2,9.4,90.70833333333331,nan
23.4,30.2,20.0,78.0,6.9,5.0,5.4,97.29166666666669,nan
23.4,28.4,20.6,77.0,6.9,8.9,18.3,50.708333333333336,nan
22.4,27.8,20.4,87.0,6.9,5.2,5.4,40.375,nan
23.5,28.5,20.6,75.0,6.9,5.7,7.6,49.41666666666666,nan
23.7,29.2,19.4,70.0,6.9,8.5,14.8,64.56521739130434,nan
22.6,29.2,19.8,79.0,5.5,6.9,11.1,0.0,nan
22.2,28.1,19.9,83.0,6.9,6.7,11.1,54.76923076923077,nan
23.3,29.6,20.6,76.0,6.3,5.0,9.4,51.26086956521739,nan
23.8,28.7,20.5,73.0,6.9,5.7,9.4,43.66666666666666,nan
22.6,28.8,20.4,82.0,6.9,5.6,7.6,29.83333333333333,nan
22.2,27.3,20.2,84.0,6.3,5.9,9.4,35.208333333333336,nan
23.1,27.4,19.8,79.0,6.3,5.0,7.6,37.625,nan
23.1,28.3,20.2,81.0,5.8,4.6,7.6,41.458333333333336,nan
21.4,27.0,19.7,90.0,6.3,5.4,7.6,38.583333333333336,nan
21.3,27.0,19.7,93.0,6.3,5.4,7.6,36.0,nan
22.5,26.0,19.9,84.0,6.3,5.9,7.6,70.58333333333333,nan
23.1,27.6,19.8,75.0,6.9,9.8,11.1,33.166666666666664,nan
22.6,27.6,20.0,77.0,6.9,8.1,11.1,38.25,nan
22.3,27.4,19.7,84.0,6.9,6.7,11.1,26.58333333333333,nan
22.0,26.9,20.0,76.0,6.9,11.7,22.2,15.416666666666666,nan
22.4,26.2,20.0,79.0,6.6,9.8,14.8,41.375,nan
23.2,28.4,20.1,78.0,6.9,9.8,11.1,25.541666666666668,nan
22.7,28.4,20.2,80.0,6.3,6.7,11.1,28.375,nan
23.4,28.0,20.1,76.0,6.9,6.3,7.6,50.333333333333336,nan
23.9,29.5,20.6,74.0,6.3,6.1,9.4,35.375,nan
23.7,29.5,20.9,76.0,6.9,6.3,9.4,31.916666666666668,nan
22.9,27.8,20.4,83.0,6.3,4.4,5.4,35.291666666666664,nan
21.3,27.8,19.8,88.0,5.5,4.6,7.6,26.83333333333333,nan
20.7,25.1,19.0,89.0,6.9,4.4,5.4,21.125,nan
22.6,26.8,19.6,81.0,6.3,8.5,14.8,35.708333333333336,nan
22.4,26.7,19.7,81.0,5.5,6.7,9.4,43.583333333333336,nan
22.7,28.4,20.1,77.0,6.9,6.7,7.6,46.04166666666666,nan
22.4,26.7,19.5,82.0,6.3,5.2,7.6,82.875,nan
23.9,29.0,19.5,73.0,6.3,4.6,7.6,64.91666666666667,nan
24.2,29.7,19.9,69.0,6.9,3.9,5.4,30.666666666666668,nan
24.6,30.1,21.9,77.0,6.9,1.5,5.4,34.416666666666664,nan
24.3,30.8,19.2,72.0,6.9,0.9,3.5,33.166666666666664,nan
23.9,31.4,19.0,76.0,6.9,1.5,5.4,30.625,nan
22.9,31.4,19.5,80.0,6.9,3.7,11.1,30.33333333333333,nan
22.2,27.7,20.0,85.0,6.3,4.8,7.6,0.0,nan
21.8,25.4,19.5,89.0,5.5,2.8,5.4,0.0,nan
21.7,25.4,19.1,84.0,5.5,3.3,5.4,0.0,nan
22.9,27.4,19.8,87.0,6.6,4.1,5.4,92.25,nan
23.2,27.5,20.5,87.0,6.9,3.0,5.4,83.45833333333333,nan
23.0,27.5,20.6,84.0,4.8,4.4,5.4,71.66666666666667,nan
23.2,28.8,20.5,81.0,6.3,7.6,11.1,69.70833333333333,nan
22.1,28.4,20.6,85.0,6.9,8.0,18.3,62.375,nan
23.1,27.9,20.2,80.0,6.9,5.9,11.1,24.875,nan
23.8,28.3,19.4,73.0,7.7,3.9,5.4,43.958333333333336,nan
24.7,30.4,19.5,68.0,9.2,5.0,7.6,41.5,nan
24.9,30.8,20.0,64.0,7.7,4.4,7.6,38.79166666666666,nan
23.8,29.5,19.6,73.0,6.9,5.0,7.6,31.65217391304348,nan
24.2,29.5,21.1,73.0,6.9,6.3,11.1,26.666666666666668,nan
23.6,28.9,20.3,72.0,6.3,4.8,7.6,29.0,nan
24.8,30.0,20.2,73.0,7.7,4.1,5.4,61.708333333333336,nan
23.9,30.0,21.1,81.0,6.3,3.1,5.4,63.17391304347826,nan
23.2,28.4,19.2,80.0,6.3,3.7,9.4,41.583333333333336,nan
23.9,28.9,20.0,71.0,6.9,6.7,7.6,80.04166666666667,nan
24.9,30.8,20.6,70.0,6.9,4.8,7.6,82.83333333333333,nan
24.1,30.8,21.6,79.0,6.3,3.3,5.4,95.25,nan
24.4,30.5,20.3,72.0,6.9,1.5,7.6,126.16666666666669,nan
21.9,30.4,20.1,81.0,6.3,0.9,5.4,136.70833333333334,nan
21.5,27.2,19.5,85.0,6.9,2.6,7.6,160.66666666666666,nan
23.2,27.0,20.7,81.0,6.3,3.3,5.4,245.66666666666663,nan
23.4,29.4,20.7,78.0,6.9,4.3,5.4,261.6666666666667,nan
23.3,29.4,19.8,80.0,5.5,3.5,5.4,272.4166666666667,nan
23.4,28.7,18.6,71.0,6.3,1.3,5.4,149.625,nan
24.2,29.6,19.6,73.0,6.9,2.2,5.4,99.70833333333331,nan
23.3,29.6,19.9,80.0,5.8,3.9,7.6,217.375,nan
22.9,29.0,20.0,78.0,6.0,4.3,7.6,337.5,nan
23.3,29.0,19.0,69.0,6.3,2.8,5.4,321.5416666666667,nan
22.2,29.0,18.4,69.0,6.9,1.5,5.4,278.0,nan
22.2,28.2,17.3,68.0,6.9,2.2,5.4,192.33333333333331,nan
22.0,28.0,17.8,67.0,5.5,1.1,3.5,214.63636363636363,nan
21.4,28.0,15.6,63.0,6.3,1.1,3.5,221.54166666666663,nan
22.4,29.0,16.8,74.0,6.3,1.9,3.5,166.70833333333334,nan
22.3,29.0,18.2,68.0,6.3,1.3,3.5,130.70833333333334,nan
22.7,30.0,16.5,65.0,6.9,1.1,3.5,194.70833333333331,nan
22.5,28.5,19.8,80.0,6.3,2.0,5.4,134.45833333333334,nan
23.1,29.2,19.2,74.0,6.9,1.1,5.4,110.0,nan
22.7,29.2,18.8,67.0,6.9,0.4,3.5,160.0,nan
23.1,29.9,20.0,76.0,6.9,3.1,5.4,118.91666666666669,nan
22.5,28.3,19.4,74.0,7.7,2.4,5.4,176.375,nan
21.9,28.0,18.4,67.0,6.9,3.1,5.4,185.95833333333331,nan
20.2,28.4,15.7,67.0,6.3,1.9,3.5,239.125,nan
21.3,28.0,16.8,68.0,6.9,0.9,3.5,365.2916666666667,nan
21.2,28.7,15.9,54.0,6.9,0.7,5.4,312.2083333333333,nan
22.3,27.0,18.6,71.0,6.3,3.5,5.4,121.33333333333331,nan
22.6,27.7,19.5,75.0,6.3,3.5,5.4,202.875,nan
22.3,30.3,16.0,56.0,6.0,1.3,3.5,260.1666666666667,nan
20.2,27.2,14.7,66.0,6.9,0.9,3.5,277.7083333333333,nan
20.4,28.9,14.5,65.0,6.8,1.3,3.5,284.1666666666667,nan
20.6,28.9,14.9,61.0,6.9,3.1,3.5,288.4166666666667,nan
20.8,27.3,15.6,70.0,6.0,3.5,5.4,166.91666666666666,nan
19.9,27.3,14.9,68.0,6.3,3.3,5.4,169.0,nan
20.6,27.4,16.0,65.0,6.3,3.9,7.6,186.04166666666663,nan
20.1,27.5,14.9,67.0,6.9,4.3,5.4,108.08333333333331,nan
20.3,26.4,16.0,70.0,6.3,3.1,3.5,255.875,nan
20.1,26.4,16.6,70.0,5.5,2.8,3.5,226.5217391304348,nan
21.2,28.4,15.0,67.0,6.9,2.4,5.4,239.1304347826087,nan
21.4,30.8,15.0,53.0,6.9,2.8,3.5,298.4583333333333,nan
20.7,29.3,15.5,65.0,6.9,5.9,13.0,264.9166666666667,nan
21.0,28.0,15.8,67.0,6.3,4.3,5.4,422.0869565217391,nan
22.0,30.6,15.6,57.0,6.9,5.0,5.4,323.1428571428572,nan
22.4,30.5,17.0,52.0,7.7,3.9,5.4,263.6,nan
22.1,29.5,16.3,59.0,6.9,3.3,5.4,376.9166666666667,nan
21.8,28.5,16.9,68.0,6.9,5.0,5.4,0.0,nan
20.9,28.1,17.0,66.0,6.9,3.5,5.4,0.0,nan
20.4,27.4,15.2,61.0,6.9,3.9,5.4,97.71428571428572,nan
22.0,29.5,16.9,58.0,6.9,3.9,5.4,202.91666666666663,nan
21.4,29.4,15.5,57.0,6.9,3.3,5.4,205.125,nan
21.0,27.7,16.4,61.0,6.9,3.7,7.6,214.125,nan
22.0,29.4,15.4,56.0,6.9,2.8,7.6,315.7916666666667,nan
22.2,29.8,17.0,65.0,6.9,4.8,7.6,322.25,nan
22.7,29.7,18.0,59.0,6.9,3.1,5.4,246.04166666666663,nan
23.0,31.4,15.7,48.0,6.9,1.9,3.5,209.65217391304347,nan
23.8,32.6,16.5,29.0,6.9,2.4,5.4,103.82608695652172,nan
23.6,32.1,15.5,35.0,6.9,2.0,5.4,143.91666666666666,nan
24.6,31.8,19.0,54.0,6.9,2.8,5.4,165.0,nan
24.3,31.6,19.2,60.0,6.3,2.4,5.4,116.45833333333331,nan
24.7,31.6,20.2,63.0,6.3,2.2,5.4,143.0,nan
23.4,30.1,19.2,65.0,6.3,4.3,7.6,231.125,nan
23.0,30.1,19.1,65.0,6.3,3.5,3.5,276.2105263157895,nan
23.9,30.3,19.2,63.0,6.9,2.2,3.5,211.0,nan
23.4,30.8,19.7,64.0,6.3,4.4,5.4,139.22222222222223,nan
24.2,32.0,19.3,49.0,6.9,4.4,5.4,204.54545454545453,nan
24.5,32.0,17.6,50.0,6.9,3.1,5.4,130.16666666666666,nan
23.8,31.1,19.9,71.0,6.9,5.0,7.6,123.125,nan
24.9,32.0,19.3,64.0,6.9,3.9,5.4,120.91666666666669,nan
23.8,32.0,20.2,67.0,6.9,5.2,7.6,153.625,nan
23.9,30.6,19.9,67.0,6.9,4.6,5.4,130.33333333333334,nan
24.6,31.6,18.6,61.0,6.9,4.1,7.6,110.70833333333331,nan
24.2,31.6,18.2,54.0,6.8,5.4,7.6,138.5,nan
24.9,31.8,16.6,35.0,6.9,3.5,5.4,75.75,nan
25.3,32.8,19.0,31.0,6.9,4.1,7.6,146.54166666666666,nan
25.6,33.1,17.1,31.0,6.9,3.1,5.4,174.9375,nan
27.1,35.4,18.7,31.0,6.9,3.5,5.4,80.04166666666667,nan
28.2,35.9,20.8,33.0,7.7,0.9,3.5,100.04166666666669,nan
27.9,35.9,22.4,42.0,6.9,1.1,5.4,109.45833333333331,nan
27.6,35.3,20.5,37.0,6.9,2.4,5.4,110.16666666666669,nan
27.3,35.3,20.3,38.0,6.9,2.6,7.6,108.20833333333331,nan
26.8,34.6,19.4,33.0,6.9,2.2,5.4,103.83333333333331,nan
28.6,36.0,23.5,33.0,6.9,1.3,3.5,74.29166666666667,nan
28.3,35.8,21.9,49.0,6.9,2.8,3.5,101.79166666666669,nan
29.2,35.8,23.4,43.0,6.9,3.3,7.6,106.16666666666669,nan
28.9,36.0,23.3,40.0,6.9,3.3,5.4,89.875,nan
28.6,36.2,22.3,38.0,6.9,2.4,5.4,48.208333333333336,nan
28.5,36.4,22.6,47.0,6.9,4.3,7.6,47.04166666666666,nan
25.7,36.4,20.4,59.0,6.6,3.9,5.4,67.79166666666667,nan
27.1,34.5,22.3,59.0,6.9,3.0,3.5,56.66666666666666,nan
27.7,34.5,23.1,56.0,6.9,2.8,7.6,79.0,nan
27.6,34.0,22.7,56.0,6.9,3.0,5.4,123.58333333333331,nan
28.6,35.4,22.2,47.0,6.9,2.4,5.4,80.29166666666667,nan
28.7,35.5,23.4,36.0,6.9,1.9,3.5,137.875,nan
28.7,35.5,21.5,34.0,7.7,1.5,5.4,87.875,nan
29.8,36.5,23.8,53.0,7.7,3.3,5.4,121.20833333333331,nan
29.6,36.5,24.7,52.0,6.9,1.9,3.5,97.04166666666669,nan
29.3,36.3,24.8,49.0,6.9,2.8,3.5,96.08695652173913,nan
28.8,36.0,24.2,50.0,6.9,3.9,5.4,130.625,nan
28.6,35.8,24.6,50.0,6.3,3.9,7.6,90.5,nan
27.8,35.8,20.0,56.0,6.9,3.1,7.6,55.41666666666666,nan
24.5,30.6,21.4,76.0,7.7,5.2,7.6,108.33333333333331,nan
22.8,26.7,21.0,86.0,6.3,5.2,5.4,198.875,nan
24.1,28.3,20.5,78.0,6.9,4.6,7.6,120.70833333333331,nan
27.4,35.6,23.8,60.0,6.9,3.9,7.6,60.54166666666666,nan
28.8,35.6,22.8,47.0,6.9,4.1,7.6,79.0,nan
28.6,35.5,22.8,49.0,6.9,3.9,5.4,133.70833333333334,nan
28.4,35.5,23.6,56.0,7.7,3.7,14.8,53.25,nan
25.8,33.9,21.4,71.0,6.9,1.5,5.4,65.16666666666667,nan
26.3,33.0,21.2,65.0,7.4,4.3,7.6,83.58333333333333,nan
26.4,35.2,18.9,62.0,9.2,4.4,5.4,40.66666666666666,nan
27.8,34.4,22.2,61.0,7.7,2.4,5.4,48.125,nan
25.8,34.5,20.2,70.0,6.9,3.9,5.4,103.16666666666669,nan
28.1,35.0,22.3,57.0,7.4,3.3,5.4,143.375,nan
27.6,35.0,20.1,60.0,6.9,3.9,5.4,44.79166666666666,nan
25.9,34.5,20.4,70.0,6.9,4.6,7.6,75.08695652173913,nan
24.5,29.2,20.0,75.0,6.9,2.8,3.5,60.0,nan
25.9,31.2,22.2,72.0,7.7,6.1,11.1,101.0,nan
25.9,31.3,20.9,73.0,6.9,7.4,9.4,76.20833333333333,nan
24.6,31.3,22.2,74.0,6.9,9.4,22.2,88.0,nan
24.1,30.7,21.9,74.0,5.8,8.1,14.8,48.833333333333336,nan
25.4,30.2,21.4,67.0,9.2,8.9,9.4,85.94444444444444,nan
25.2,31.0,21.6,71.0,7.7,9.3,14.8,113.70588235294116,nan
24.4,29.4,20.8,72.0,6.9,9.8,11.1,74.76190476190476,nan
24.7,29.2,21.2,71.0,7.4,9.1,11.1,62.47619047619048,nan
25.3,30.4,21.2,69.0,6.6,8.7,11.1,78.54166666666667,nan
26.0,32.0,21.4,61.0,6.9,5.7,7.6,49.125,nan
26.6,33.0,21.4,60.0,6.9,4.3,5.4,83.21052631578948,nan
27.4,33.6,22.2,58.0,7.7,2.4,3.5,79.0,nan
24.9,31.3,21.1,75.0,6.9,5.9,9.4,233.26315789473685,nan
25.4,30.6,21.8,69.0,6.9,5.2,7.6,143.1578947368421,nan
25.5,30.8,20.8,64.0,6.9,6.9,14.8,233.9333333333333,nan
23.1,27.5,20.8,81.0,6.9,6.3,11.1,117.17391304347828,nan
22.6,27.5,20.3,82.0,6.9,5.2,9.4,66.13636363636364,nan
22.7,28.6,19.9,83.0,6.9,5.6,7.6,71.0,nan
23.6,27.1,20.3,76.0,6.6,8.7,14.8,269.9166666666667,nan
23.0,26.6,21.0,80.0,5.8,9.6,14.8,162.25,nan
24.0,28.5,20.6,74.0,9.2,7.6,16.5,249.68421052631575,nan
23.3,28.4,20.0,77.0,6.3,6.7,11.1,226.41176470588235,nan
23.9,28.9,21.0,74.0,6.3,11.1,14.8,159.0,nan
23.2,28.0,21.4,81.0,6.6,7.4,14.8,198.2,nan
24.1,29.4,20.4,78.0,6.9,6.3,7.6,47.375,nan
23.4,28.4,21.0,79.0,6.6,5.7,9.4,38.16666666666666,nan
23.7,27.7,21.0,75.0,6.9,9.4,13.0,42.54166666666666,nan
22.9,28.4,20.5,85.0,5.5,7.6,11.1,27.363636363636363,nan
23.1,27.4,20.4,81.0,5.5,7.8,11.1,45.833333333333336,nan
23.2,28.2,21.0,81.0,5.5,7.4,14.8,33.708333333333336,nan
23.6,27.8,20.8,73.0,8.2,7.2,11.1,26.416666666666668,nan
22.8,28.4,20.7,83.0,6.3,6.9,11.1,30.666666666666668,nan
23.6,29.2,20.2,79.0,6.9,6.9,9.4,29.95833333333333,nan
22.8,28.0,20.4,84.0,6.9,5.2,9.4,23.875,nan
23.1,29.3,20.0,81.0,5.8,5.0,7.6,22.33333333333333,nan
24.1,29.5,20.0,74.0,9.2,4.4,5.4,25.08333333333333,nan
24.1,28.8,20.2,83.0,6.9,2.2,7.6,66.79166666666667,nan
24.7,30.8,20.7,80.0,6.9,0.9,3.5,64.875,nan
25.4,30.8,20.4,78.0,6.9,0.9,3.5,47.583333333333336,nan
23.7,29.6,20.5,79.0,6.9,6.7,9.4,42.31578947368421,nan
23.2,28.0,20.2,75.0,6.9,8.0,9.4,43.04166666666666,nan
21.8,28.0,20.1,85.0,5.5,7.2,9.4,38.41666666666666,nan
22.6,27.4,19.8,79.0,6.9,7.8,9.4,49.29166666666666,nan
22.7,27.4,20.4,80.0,6.9,7.2,9.4,19.541666666666668,nan
22.5,27.2,20.0,84.0,6.9,5.6,9.4,22.83333333333333,nan
23.1,26.8,19.7,79.0,7.7,6.7,9.4,25.347826086956523,nan
23.3,28.7,20.3,77.0,6.9,6.3,9.4,74.66666666666667,nan
23.2,28.9,19.8,71.0,6.3,9.1,11.1,41.875,nan
24.0,29.9,19.1,69.0,6.9,7.8,11.1,50.583333333333336,nan
24.3,30.3,20.5,67.0,8.5,5.2,7.6,58.125,nan
23.4,29.9,20.6,74.0,6.9,5.0,9.4,57.29166666666666,nan
23.9,29.4,21.0,73.0,6.3,7.0,14.8,38.25,nan
23.4,27.8,20.6,79.0,6.9,5.9,9.4,47.41666666666666,nan
23.7,27.8,20.1,74.0,7.4,5.9,7.6,56.91666666666666,nan
24.2,28.3,20.0,72.0,6.6,2.8,5.4,54.625,nan
23.9,31.1,20.1,78.0,6.9,1.3,3.5,45.958333333333336,nan
24.2,31.1,19.9,81.0,6.9,1.9,5.4,52.25,nan
24.8,30.0,20.0,72.0,9.2,3.5,5.4,43.333333333333336,nan
24.7,29.9,20.7,69.0,7.7,2.2,3.5,62.9375,nan
25.4,30.7,19.8,64.0,6.9,2.2,3.5,0.0,nan
25.3,30.7,20.8,76.0,7.4,0.6,3.5,0.0,nan
23.6,30.4,19.6,79.0,6.9,2.8,5.4,91.5,nan
22.6,30.4,19.1,84.0,6.9,1.9,3.5,70.70833333333333,nan
23.6,29.9,19.3,83.0,6.8,1.9,3.5,51.79166666666666,nan
24.4,30.0,20.8,67.0,9.2,5.0,9.4,0.0,nan
25.4,30.3,21.2,66.0,8.2,2.6,5.4,21.384615384615383,nan
24.0,30.3,21.1,75.0,9.2,3.9,7.6,13.0,nan
21.6,24.3,19.8,86.0,5.5,3.1,3.5,156.25,nan
22.0,25.4,20.2,82.0,6.3,3.1,5.4,178.28571428571428,nan
22.7,26.8,20.4,76.0,9.2,3.3,5.4,158.3913043478261,nan
22.0,27.5,20.4,89.0,5.5,3.1,3.5,252.625,nan
22.4,27.5,19.8,87.0,6.3,3.1,3.5,119.41666666666669,nan
21.9,27.3,19.8,90.0,6.3,3.0,5.4,126.0,nan
22.0,28.4,17.5,70.0,6.3,1.3,3.5,232.33333333333331,nan
23.2,28.2,20.0,72.0,6.9,2.2,3.5,215.54166666666663,nan
22.8,27.6,19.8,74.0,6.9,2.0,5.4,239.41666666666663,nan
21.4,27.6,18.4,71.0,6.3,0.9,3.5,196.54166666666663,nan
23.2,29.4,17.9,58.0,6.3,2.0,5.4,232.54166666666663,nan
23.0,29.5,18.8,59.0,6.3,0.4,3.5,185.5,nan
23.2,29.5,18.8,63.0,6.3,0.9,3.5,282.1666666666667,nan
20.2,27.4,19.6,94.0,4.0,3.5,3.5,268.8695652173913,nan
21.4,24.6,20.2,91.0,5.5,3.7,7.6,166.875,nan
21.9,27.4,18.0,80.0,6.3,2.8,5.4,135.16666666666666,nan
22.1,28.1,17.4,71.0,6.6,2.8,3.5,220.65217391304347,nan
21.8,28.0,18.3,70.0,9.2,2.8,3.5,215.5,nan
22.2,28.8,17.1,68.0,6.3,0.4,3.5,223.375,nan
21.2,26.7,18.0,68.0,6.9,2.4,5.4,135.58333333333334,nan
21.4,27.4,15.8,64.0,6.3,1.1,5.4,152.04166666666666,nan
21.7,29.2,16.5,60.0,8.2,1.9,3.5,212.125,nan
22.3,28.2,16.6,50.0,6.6,1.9,5.4,70.0625,nan
21.3,28.2,17.0,60.0,6.9,0.9,3.5,91.75,nan
21.1,29.0,15.3,55.0,8.0,0.4,3.5,104.2608695652174,nan
21.9,28.6,17.6,72.0,6.3,3.0,9.4,119.70833333333331,nan
22.8,29.2,18.4,77.0,6.3,1.9,3.5,110.875,nan
23.3,29.3,19.8,74.0,5.6,2.8,3.5,200.33333333333331,nan
21.6,26.6,18.2,76.0,6.3,2.4,5.4,203.58333333333331,nan
21.6,26.4,19.6,83.0,6.9,1.3,3.5,60.2,nan
23.1,28.8,19.1,74.0,6.9,2.8,3.5,97.85714285714286,nan
21.1,25.2,18.8,78.0,5.5,3.1,3.5,349.2916666666667,nan
21.4,28.0,17.6,71.0,6.3,1.9,5.4,188.04166666666663,nan
21.1,28.3,17.1,74.0,7.7,0.9,3.5,310.25,nan
20.0,28.4,15.8,65.0,6.3,1.9,3.5,258.1578947368421,nan
20.1,27.3,14.2,56.0,9.2,1.3,3.5,223.25,nan
20.8,27.4,13.9,58.0,7.7,2.0,5.4,248.95833333333331,nan
22.3,29.5,19.2,77.0,6.3,0.9,3.5,276.4,nan
22.2,29.2,17.6,71.0,5.5,1.9,7.6,146.79166666666666,nan
22.1,29.2,18.7,76.0,6.0,1.3,3.5,113.875,nan
21.9,28.6,17.4,60.0,6.9,0.4,3.5,227.0,nan
22.1,28.6,17.6,71.0,6.3,0.6,3.5,231.25,nan
21.6,27.6,18.5,72.0,6.3,1.9,3.5,272.125,nan
19.4,27.1,13.7,60.0,8.5,0.9,3.5,228.79166666666663,nan
19.4,27.1,13.7,67.0,6.0,0.2,1.9,200.875,nan
20.1,27.1,14.7,63.0,6.3,2.8,7.6,214.04166666666663,nan
21.3,28.2,15.4,61.0,8.5,3.3,5.4,217.25,nan
20.9,28.2,15.6,63.0,6.3,3.0,5.4,212.45833333333331,nan
21.0,27.4,15.5,61.0,6.3,4.8,7.6,202.66666666666663,nan
22.1,29.4,17.0,59.0,7.7,3.3,5.4,138.79166666666666,nan
21.3,28.4,15.6,57.0,7.7,4.6,7.6,153.08333333333334,nan
21.4,27.9,16.0,60.0,6.3,4.1,9.4,159.70833333333334,nan
22.8,30.2,16.6,51.0,6.3,3.9,9.4,151.875,nan
21.9,30.2,16.2,53.0,6.3,3.7,7.6,224.79166666666663,nan
21.2,29.3,16.4,63.0,6.3,5.2,9.4,185.34782608695653,nan
21.4,28.6,15.0,58.0,6.3,3.9,9.4,149.625,nan
22.3,30.2,16.3,48.0,6.3,4.1,5.4,161.16666666666666,nan
22.7,30.6,15.7,50.0,6.3,3.7,9.4,136.75,nan
22.2,30.6,15.5,54.0,6.3,3.3,5.4,76.375,nan
24.0,32.0,17.7,50.0,6.9,1.3,3.5,120.20833333333331,nan
24.7,32.7,17.9,43.0,6.3,0.9,3.5,137.125,nan
24.9,33.0,16.5,32.0,6.3,0.9,3.5,197.08333333333331,nan
24.5,33.1,18.6,39.0,6.3,1.9,3.5,166.375,nan
24.2,32.1,16.9,37.0,6.9,3.3,11.1,126.58333333333331,nan
23.7,31.7,17.3,41.0,6.9,3.1,5.4,94.91666666666669,nan
24.6,32.4,17.0,27.0,6.9,0.9,3.5,133.95833333333334,nan
25.6,33.5,17.2,42.0,6.9,2.2,5.4,69.25,nan
26.1,33.6,20.1,46.0,6.9,3.5,5.4,82.73913043478261,nan
25.2,32.6,20.8,62.0,6.9,3.7,7.6,94.875,nan
25.8,32.6,21.4,62.0,6.9,2.2,3.5,32.666666666666664,nan
23.4,32.4,19.9,77.0,6.3,1.9,3.5,61.125,nan
25.8,31.4,21.3,63.0,6.6,2.6,5.4,49.583333333333336,nan
25.3,31.5,20.1,59.0,6.9,3.3,5.4,34.916666666666664,nan
24.5,31.5,19.6,65.0,6.9,2.2,3.5,47.5,nan
24.5,31.2,18.6,54.0,6.9,3.9,5.4,128.83333333333334,nan
25.1,32.7,18.4,48.0,6.9,1.9,3.5,56.333333333333336,nan
25.8,32.7,20.4,55.0,6.9,3.0,5.4,20.291666666666668,nan
26.5,35.1,19.6,44.0,6.9,2.2,5.4,59.16666666666666,nan
26.9,34.7,19.5,25.0,6.9,2.0,5.4,83.83333333333333,nan
27.9,35.8,22.3,43.0,6.3,3.0,5.4,101.375,nan
27.0,34.5,21.0,47.0,6.3,2.8,3.5,109.75,nan
26.3,34.5,19.9,46.0,6.3,2.2,3.5,42.91666666666666,nan
26.5,33.8,22.3,58.0,6.9,1.9,3.5,47.25,nan
26.9,33.4,21.6,56.0,6.9,2.2,3.5,81.20833333333333,nan
27.9,35.1,22.4,53.0,6.9,2.4,5.4,52.29166666666666,nan
28.0,35.1,22.8,54.0,6.9,2.8,3.5,28.45833333333333,nan
28.9,35.5,22.7,52.0,6.9,1.5,7.6,49.5,nan
28.2,35.5,24.1,55.0,6.9,3.1,3.5,75.16666666666667,nan
28.1,35.0,23.0,54.0,6.9,4.1,9.4,53.125,nan
21.3,29.0,18.8,77.0,6.3,1.3,3.5,54.708333333333336,nan
23.2,30.5,18.1,71.0,6.9,0.7,5.4,52.625,nan
23.2,30.5,19.8,80.0,6.3,1.5,7.6,51.375,nan
26.6,32.3,21.9,62.0,6.9,1.3,3.5,92.91666666666669,nan
26.8,32.3,21.7,63.0,6.9,0.4,3.5,80.20833333333333,nan
23.9,33.4,19.8,70.0,6.6,4.3,22.2,71.66666666666667,nan
23.7,31.3,19.2,70.0,6.3,0.4,3.5,31.83333333333333,nan
25.5,31.1,20.8,68.0,6.9,1.3,3.5,47.66666666666666,nan
26.8,33.8,20.1,61.0,6.9,1.9,3.5,48.125,nan
24.5,33.8,20.4,73.0,6.9,2.2,7.6,56.25,nan
25.7,33.3,20.0,65.0,6.9,1.9,7.6,103.41666666666669,nan
26.6,30.8,22.2,68.0,6.9,1.3,3.5,76.875,nan
27.7,33.4,22.2,61.0,6.9,2.0,5.4,86.375,nan
25.9,33.4,23.3,62.0,6.0,3.1,7.6,77.70833333333333,nan
24.2,32.0,21.9,71.0,6.9,0.2,1.9,48.5,nan
24.9,29.6,21.6,71.0,6.9,1.9,3.5,55.083333333333336,nan
24.9,31.2,22.2,77.0,6.3,3.1,7.6,67.45833333333333,nan
24.8,32.0,20.2,78.0,6.3,4.6,11.1,34.84615384615385,nan
26.3,33.0,19.1,76.0,6.9,5.2,7.6,61.5,nan
26.6,33.0,22.5,75.0,6.9,7.6,18.3,71.91304347826087,nan
27.3,33.3,22.3,63.0,6.3,5.6,9.4,77.375,nan
27.1,33.0,22.3,66.0,6.3,5.2,9.4,63.91666666666666,nan
25.2,32.2,19.2,72.0,6.9,6.5,9.4,63.66666666666666,nan
24.2,32.2,19.9,81.0,6.6,5.4,9.4,66.3913043478261,nan
24.3,31.0,19.9,77.0,6.6,3.7,7.6,25.45833333333333,nan
24.5,31.0,20.7,78.0,6.9,4.8,7.6,20.75,nan
24.6,30.5,21.2,81.0,6.9,2.4,5.4,40.5,nan
26.2,32.0,21.6,65.0,6.9,7.4,14.8,64.83333333333333,nan
25.4,31.2,21.3,72.0,6.9,7.8,14.8,63.0,nan
24.7,31.2,21.2,76.0,6.9,6.3,9.4,73.83333333333333,nan
23.7,29.7,20.5,80.0,6.9,5.0,7.6,31.875,nan
22.6,29.7,20.1,84.0,6.9,5.7,11.1,54.958333333333336,nan
24.1,29.0,19.8,72.0,5.8,5.4,11.1,77.75,nan
23.1,27.4,21.2,83.0,5.5,8.1,14.8,75.33333333333333,nan
23.2,28.3,20.8,80.0,6.3,12.0,16.5,32.583333333333336,nan
22.7,28.3,20.6,85.0,5.5,6.9,11.1,28.375,nan
24.5,30.6,21.1,78.0,6.9,8.3,11.1,28.541666666666668,nan
23.7,30.6,21.4,81.0,6.9,8.9,11.1,51.04166666666666,nan
24.1,29.0,20.4,76.0,6.9,12.2,18.3,40.0,nan
24.6,30.7,20.6,71.0,6.9,5.2,7.6,37.583333333333336,nan
24.2,30.3,20.4,75.0,6.3,8.1,14.8,37.625,nan
24.6,30.2,20.4,76.0,6.3,5.7,7.6,34.375,nan
23.7,30.7,19.3,74.0,6.9,6.9,11.1,42.29166666666666,nan
23.8,30.6,20.2,76.0,6.9,6.7,14.8,45.66666666666666,nan
24.0,29.2,20.8,78.0,6.3,6.9,11.1,40.625,nan
25.4,31.6,20.8,71.0,6.9,6.5,11.1,26.875,nan
25.2,31.6,21.4,73.0,6.9,6.5,11.1,30.70833333333333,nan
23.9,30.0,21.2,77.0,6.9,7.8,11.1,30.625,nan
21.8,29.8,20.0,86.0,4.8,8.1,14.8,43.04166666666666,nan
22.6,29.0,18.8,84.0,5.3,6.1,9.4,27.41176470588235,nan
22.4,29.0,20.1,88.0,5.5,4.3,9.4,25.25,nan
23.2,28.1,20.1,83.0,6.9,6.1,11.1,0.0,nan
23.3,27.8,20.4,79.0,6.9,6.3,9.4,0.0,nan
23.4,28.0,20.8,79.0,5.5,8.3,11.1,7.25,nan
23.9,29.9,20.0,76.0,6.9,5.0,7.6,16.043478260869566,nan
23.7,30.3,20.6,76.0,6.9,5.2,7.6,19.83333333333333,nan
24.0,30.3,20.6,75.0,6.9,6.5,9.4,25.791666666666668,nan
23.6,28.8,21.0,77.0,6.3,5.9,11.1,22.70833333333333,nan
22.6,29.3,20.3,83.0,5.5,5.7,9.4,31.33333333333333,nan
23.6,28.5,20.4,79.0,6.3,6.1,7.6,47.41666666666666,nan
23.3,28.5,20.6,80.0,6.9,3.7,7.6,33.791666666666664,nan
23.4,27.6,20.0,83.0,6.9,5.6,9.4,42.59090909090909,nan
24.6,29.4,20.7,77.0,6.3,4.8,9.4,41.708333333333336,nan
25.2,31.1,20.5,72.0,6.9,5.2,9.4,28.75,nan
25.6,31.2,22.3,79.0,6.9,3.3,5.4,12.782608695652174,nan
25.3,31.6,22.4,74.0,6.3,3.9,9.4,14.5,nan
23.4,31.6,21.0,80.0,6.9,3.3,11.1,23.916666666666668,nan
24.4,29.6,19.7,67.0,6.9,3.1,7.6,27.375,nan
23.8,30.1,19.6,71.0,6.3,3.9,7.6,29.20833333333333,nan
22.5,30.1,20.3,86.0,6.3,4.6,7.6,36.5,nan
25.1,29.7,20.8,69.0,6.9,4.3,5.4,27.83333333333333,nan
25.5,31.0,21.1,66.0,7.7,3.1,5.4,44.125,nan
25.4,31.0,21.6,67.0,6.9,2.8,5.4,62.25,nan
25.7,31.7,22.0,70.0,6.6,2.0,3.5,60.125,nan
22.4,30.8,20.0,87.0,6.0,3.0,5.4,34.666666666666664,nan
23.0,28.5,19.8,82.0,6.9,5.9,7.6,39.208333333333336,nan
22.9,27.6,20.5,82.0,6.9,5.6,9.4,38.708333333333336,nan
23.7,29.7,19.3,75.0,7.7,5.6,9.4,69.95833333333333,nan
23.5,29.7,19.4,76.0,6.3,7.8,11.1,98.47826086956522,nan
23.1,28.0,19.3,75.0,6.3,9.4,18.3,85.75,nan
24.2,29.4,20.2,76.0,6.3,3.7,11.1,51.66666666666666,nan
22.9,29.4,20.4,83.0,5.5,6.3,11.1,39.41666666666666,nan
23.6,29.4,19.2,77.0,6.9,2.8,7.6,23.95833333333333,nan
24.3,33.2,18.7,76.0,6.9,1.3,3.5,43.5,nan
23.2,30.3,20.0,82.0,6.9,2.2,5.4,50.41666666666666,nan
23.8,31.6,20.2,78.0,6.0,2.4,5.4,55.708333333333336,nan
24.5,30.0,21.0,77.0,6.9,2.0,5.4,57.125,nan
24.6,30.0,21.7,78.0,6.3,3.5,5.4,69.375,nan
24.7,29.8,21.3,77.0,6.9,3.9,9.4,65.375,nan
24.2,30.2,20.3,79.0,6.9,3.9,9.4,112.29166666666669,nan
24.0,30.2,20.9,77.0,6.9,3.5,5.4,97.70833333333331,nan
24.3,29.4,20.6,75.0,6.9,7.2,11.1,80.70833333333333,nan
25.1,31.0,21.2,62.0,6.9,1.9,3.5,81.625,nan
25.1,32.1,19.6,52.0,6.9,2.2,3.5,65.375,nan
25.2,32.1,19.7,59.0,6.9,0.7,3.5,84.375,nan
25.6,31.8,20.6,62.0,6.9,3.5,5.4,148.1304347826087,nan
25.5,31.4,21.5,63.0,5.5,2.0,5.4,153.375,nan
24.9,30.6,21.4,61.0,6.3,2.0,5.4,162.875,nan
24.2,31.8,17.8,60.0,6.3,3.5,5.4,0.0,nan
24.4,29.8,20.0,62.0,6.9,3.0,5.4,78.93333333333334,nan
24.4,29.6,20.6,67.0,6.9,0.9,3.5,107.33333333333331,nan
24.7,30.8,20.6,72.0,7.7,1.3,3.5,273.625,nan
23.1,30.9,20.0,83.0,5.5,1.1,5.4,185.08333333333331,nan
21.8,30.9,19.5,87.0,6.3,1.5,5.4,260.3478260869565,nan
23.7,28.5,20.8,69.0,6.6,1.5,3.5,365.75,nan
23.0,28.5,19.3,76.0,6.3,0.9,3.5,241.875,nan
20.2,27.3,18.4,92.0,4.0,3.5,5.4,184.56521739130437,nan
19.3,24.6,17.0,88.0,6.3,0.7,3.5,353.0416666666667,nan
20.2,24.8,16.1,75.0,5.5,0.9,3.5,257.4166666666667,nan
19.1,24.8,17.7,89.0,4.0,2.0,5.4,204.75,nan
21.7,24.6,19.5,90.0,4.0,1.9,3.5,207.83333333333331,nan
22.0,26.4,19.8,87.0,5.8,2.2,5.4,268.1666666666667,nan
21.9,26.4,19.6,85.0,6.9,2.0,5.4,278.3333333333333,nan
21.4,27.5,17.5,66.0,6.9,0.2,1.9,157.5,nan
22.7,28.9,18.6,64.0,6.9,1.3,3.5,200.5,nan
21.1,23.8,19.8,91.0,6.3,0.7,5.4,212.125,nan
21.0,23.9,19.6,93.0,6.3,0.9,3.5,190.5,nan
21.5,24.9,18.9,87.0,6.9,0.9,3.5,236.41666666666663,nan
22.3,28.7,17.5,70.0,6.3,1.3,5.4,286.375,nan
21.5,28.7,17.0,68.0,6.3,2.2,5.4,288.0833333333333,nan
21.4,28.2,18.4,83.0,5.8,1.1,3.5,302.4583333333333,nan
24.1,30.9,20.4,70.0,6.9,2.0,5.4,163.0,nan
23.6,30.9,19.6,79.0,6.3,2.8,5.4,161.375,nan
23.3,29.9,20.0,71.0,6.3,1.9,3.5,157.375,nan
22.4,28.3,18.9,71.0,6.3,2.2,5.4,245.91666666666663,nan
22.2,28.4,18.8,73.0,6.9,1.9,5.4,264.5833333333333,nan
22.2,28.8,18.3,65.0,6.9,2.4,5.4,253.29166666666663,nan
21.8,29.3,16.3,65.0,6.3,1.5,3.5,181.20833333333331,nan
21.8,28.2,18.2,67.0,6.0,2.4,5.4,210.875,nan
21.8,27.7,17.9,72.0,5.3,2.8,5.4,255.33333333333331,nan
20.1,28.4,15.7,54.0,6.0,3.0,5.4,284.7958333333333,nan
20.8,28.3,12.9,45.0,6.3,1.1,5.4,239.69545454545457,nan
21.4,29.0,13.7,45.0,6.3,0.4,3.5,182.1875,nan
21.0,28.7,17.0,65.0,6.3,3.1,5.4,264.06428571428575,nan
20.4,27.6,16.2,61.0,5.5,1.3,5.4,223.20833333333331,nan
20.7,28.4,15.1,47.0,6.3,0.9,3.5,200.64583333333337,nan
20.3,28.5,15.7,51.0,6.3,0.7,3.5,285.225,nan
21.1,27.2,15.0,51.0,6.3,3.5,5.4,334.3411764705882,nan
20.6,28.2,15.2,58.0,6.3,3.1,5.4,276.90833333333336,nan
21.4,28.4,17.8,73.0,4.8,3.0,5.4,108.0,nan
21.2,25.9,19.4,88.0,4.0,1.3,3.5,107.625,nan
22.6,27.4,19.0,78.0,5.3,2.8,7.6,125.89166666666668,nan
22.9,29.2,18.5,70.0,5.5,2.6,7.6,181.01250000000005,nan
23.1,28.9,18.9,68.0,6.3,0.9,3.5,152.55416666666667,nan
23.4,29.3,19.0,66.0,4.8,1.1,3.5,152.32083333333335,nan
23.1,30.7,16.4,43.0,6.3,1.5,5.4,319.7375,nan
23.3,31.4,16.4,36.0,6.9,0.9,3.5,332.7083333333333,nan
23.7,31.9,16.3,35.0,6.9,0.9,3.5,279.6,nan
23.6,32.2,16.2,44.0,6.3,1.5,5.4,179.11666666666667,nan
23.2,31.2,17.3,61.0,5.6,1.1,3.5,54.79166666666666,nan
25.2,30.5,19.2,50.0,6.9,1.5,37.0,93.375,nan
24.3,31.7,18.6,50.0,6.3,0.4,3.5,103.0,nan
24.8,31.9,19.5,49.0,5.5,2.4,3.5,132.20833333333334,nan
24.0,32.1,19.0,48.0,6.3,2.2,5.4,127.70833333333331,nan
23.1,31.2,17.3,54.0,6.6,2.8,5.4,145.77777777777777,nan
24.8,29.9,18.0,44.0,6.9,1.3,3.5,90.33333333333331,nan
26.2,32.5,19.6,50.0,6.9,1.9,3.5,135.83333333333334,nan
26.9,33.2,20.2,50.0,7.4,0.6,3.5,122.5,nan
26.4,33.4,22.3,59.0,5.5,3.0,5.4,69.66666666666667,nan
24.9,33.5,20.5,58.0,6.3,2.4,5.4,79.83333333333333,nan
24.9,31.3,18.7,51.0,6.9,2.4,5.4,83.61111111111111,nan
24.6,30.7,18.9,55.0,6.9,2.8,5.4,36.35714285714285,nan
24.6,31.5,19.7,52.0,6.9,2.8,5.4,2.555555555555556,nan
25.3,31.7,19.6,49.0,6.3,3.1,5.4,2.095238095238096,nan
25.4,33.4,18.7,46.0,6.9,1.9,3.5,105.83333333333331,nan
25.7,33.2,18.8,43.0,6.3,1.5,5.4,117.58333333333331,nan
26.7,34.3,19.5,44.0,6.9,0.6,3.5,122.70833333333331,nan
27.8,35.4,22.7,57.0,6.3,2.4,5.4,111.95833333333331,nan
28.3,34.3,24.4,58.0,5.5,3.9,7.6,59.208333333333336,nan
26.2,34.4,22.4,66.0,6.3,2.2,3.5,80.56521739130434,nan
29.0,35.2,23.3,46.0,7.4,3.1,3.5,98.70833333333331,nan
28.8,35.4,23.5,41.0,6.9,0.4,3.5,123.70833333333331,nan
29.2,36.0,24.7,45.0,6.9,1.1,3.5,64.79166666666667,nan
27.8,35.8,22.8,40.0,6.9,3.0,5.4,52.333333333333336,nan
27.7,35.0,21.2,33.0,6.9,1.3,3.5,52.04166666666666,nan
27.8,35.1,20.7,33.0,6.9,2.8,5.4,128.33333333333334,nan
28.0,35.0,23.0,44.0,6.9,1.3,3.5,0.0,nan
28.3,34.8,23.2,43.0,7.7,0.4,3.5,46.41666666666666,nan
28.4,35.3,23.5,46.0,6.9,1.1,3.5,33.09090909090909,nan
28.6,35.5,23.8,46.0,6.9,2.2,5.4,36.42857142857143,nan
29.0,35.4,24.3,53.0,7.4,1.9,5.4,81.83333333333333,nan
28.7,36.3,23.1,60.0,6.9,1.3,3.5,105.33333333333331,nan
28.6,35.3,24.5,55.0,6.9,2.8,3.5,117.75,nan
30.4,37.2,25.1,50.0,6.9,2.8,7.6,84.5,nan
31.2,37.0,25.4,45.0,6.9,2.2,7.6,46.91666666666666,nan
30.7,37.4,25.8,49.0,7.7,3.0,5.4,104.625,nan
29.8,36.6,24.6,51.0,6.9,2.4,5.4,110.875,nan
30.4,36.8,24.8,49.0,6.9,2.8,5.4,147.28571428571428,nan
30.3,37.0,24.3,46.0,6.9,3.1,7.6,0.0,nan
27.5,39.2,23.2,64.0,6.9,1.1,5.4,120.875,nan
29.0,37.1,22.8,48.0,7.7,1.5,5.4,127.86666666666666,nan
29.6,35.5,23.4,39.0,6.9,2.2,7.6,0.0,nan
30.5,36.6,24.4,41.0,6.9,1.3,3.5,94.75,nan
29.3,37.3,24.7,51.0,6.9,3.0,5.4,142.5,nan
29.8,36.6,24.5,47.0,7.7,2.2,3.5,133.375,nan
27.2,34.6,21.0,62.0,6.3,0.7,5.4,147.83333333333334,nan
25.6,33.7,21.4,72.0,6.3,3.1,9.4,158.29166666666666,nan
27.4,34.0,21.0,58.0,6.9,0.4,3.5,149.58333333333334,nan
28.3,34.6,22.3,57.0,6.9,0.2,1.9,101.5,nan
28.9,34.6,23.5,58.0,6.9,0.9,3.5,106.5,nan
24.6,28.9,20.0,78.0,6.9,3.9,5.4,101.95833333333331,nan
25.3,30.0,19.6,78.0,6.9,5.6,9.4,98.41666666666669,nan
26.1,32.2,20.9,70.0,6.6,5.0,7.6,94.375,nan
27.6,34.0,22.8,63.0,6.9,4.8,7.6,107.625,nan
27.9,33.2,22.2,63.0,6.9,3.7,7.6,110.41666666666669,nan
26.5,33.8,23.2,70.0,6.9,3.0,7.6,95.83333333333331,nan
25.3,31.2,22.2,76.0,6.9,3.9,7.6,72.25,nan
25.4,31.5,21.5,75.0,6.9,5.0,7.6,38.66666666666666,nan
24.4,33.3,21.0,82.0,6.9,3.9,5.4,45.375,nan
25.5,30.2,21.0,78.0,6.9,3.9,7.6,65.16666666666667,nan
25.7,31.4,21.6,79.0,6.9,3.5,5.4,66.08333333333333,nan
24.5,30.9,22.0,81.0,6.3,5.2,7.6,77.66666666666667,nan
24.6,30.4,21.4,77.0,7.7,5.2,7.6,70.25,nan
22.5,29.6,20.6,86.0,6.9,5.6,7.6,56.29166666666666,nan
23.6,27.7,20.1,75.0,6.9,5.6,11.1,77.0,nan
23.7,29.2,20.7,74.0,6.9,4.6,11.1,32.958333333333336,nan
23.7,28.2,20.8,78.0,6.9,4.1,7.6,80.625,nan
23.3,29.9,20.0,82.0,6.3,5.0,7.6,90.70833333333331,nan
22.7,28.5,20.4,82.0,6.9,4.6,7.6,97.29166666666669,nan
21.2,27.5,19.3,85.0,6.3,5.9,7.6,50.708333333333336,nan
23.3,26.5,19.7,78.0,6.9,5.6,7.6,40.375,nan
22.5,28.2,20.8,84.0,6.9,5.7,7.6,49.41666666666666,nan
23.2,27.6,20.2,80.0,6.3,8.3,11.1,64.56521739130434,nan
23.8,28.2,19.9,76.0,6.9,8.1,11.1,0.0,nan
23.6,28.8,20.2,78.0,6.3,9.1,11.1,54.76923076923077,nan
23.6,26.7,20.3,78.0,6.3,8.7,11.1,51.26086956521739,nan
22.7,27.4,20.6,85.0,5.5,8.1,11.1,43.66666666666666,nan
22.1,26.4,20.1,83.0,5.5,9.1,14.8,29.83333333333333,nan
23.8,28.1,20.1,71.0,7.4,10.9,18.3,35.208333333333336,nan
25.0,29.5,19.7,70.0,6.9,6.1,11.1,37.625,nan
24.8,30.7,21.5,73.0,6.9,4.8,7.6,41.458333333333336,nan
22.9,28.3,20.0,77.0,6.3,4.1,7.6,38.583333333333336,nan
22.6,28.4,20.1,81.0,6.3,5.0,7.6,36.0,nan
21.9,27.7,19.6,82.0,7.7,5.7,11.1,70.58333333333333,nan
23.9,29.0,20.4,81.0,6.9,4.6,9.4,33.166666666666664,nan
23.3,30.3,20.1,84.0,6.3,3.1,5.4,38.25,nan
24.1,29.1,20.7,82.0,6.3,3.3,7.6,26.58333333333333,nan
22.4,26.0,19.4,82.0,6.9,6.1,7.6,15.416666666666666,nan
22.2,27.0,19.8,78.0,6.3,7.4,11.1,41.375,nan
22.9,27.2,19.3,71.0,8.5,8.3,11.1,25.541666666666668,nan
22.1,27.6,19.1,76.0,6.9,9.8,14.8,28.375,nan
23.3,28.3,20.0,75.0,6.9,7.0,9.4,50.333333333333336,nan
23.5,28.2,20.0,76.0,6.9,8.0,11.1,35.375,nan
23.8,27.8,20.5,73.0,7.7,6.7,11.1,31.916666666666668,nan
24.0,29.0,20.6,77.0,6.3,5.9,11.1,35.291666666666664,nan
22.9,28.2,20.0,77.0,6.9,4.1,5.4,26.83333333333333,nan
23.5,28.8,19.5,74.0,7.7,5.9,9.4,21.125,nan
23.9,29.0,20.3,71.0,6.9,6.7,9.4,35.708333333333336,nan
24.4,30.2,20.4,71.0,6.9,5.0,9.4,43.583333333333336,nan
24.3,30.1,20.4,74.0,6.9,4.1,5.4,46.04166666666666,nan
23.1,29.3,21.0,77.0,6.3,4.1,7.6,82.875,nan
23.8,28.2,19.9,76.0,5.5,6.9,11.1,64.91666666666667,nan
23.3,28.7,21.2,79.0,6.9,5.0,7.6,30.666666666666668,nan
22.4,27.2,20.4,87.0,5.5,5.4,7.6,34.416666666666664,nan
23.2,26.6,20.0,82.0,7.4,5.0,7.6,33.166666666666664,nan
22.6,26.7,20.6,82.0,6.3,5.2,7.6,30.625,nan
23.7,27.2,20.4,75.0,6.9,6.1,11.1,30.33333333333333,nan
23.1,27.2,18.8,69.0,7.7,4.3,5.4,0.0,nan
23.9,28.6,19.3,67.0,6.9,5.0,7.6,0.0,nan
24.3,29.4,20.4,69.0,6.3,4.1,7.6,0.0,nan
23.6,26.5,20.5,75.0,6.3,5.2,7.6,92.25,nan
23.8,27.8,20.4,76.0,6.9,4.6,5.4,83.45833333333333,nan
22.9,28.6,20.5,79.0,6.3,5.6,9.4,71.66666666666667,nan
24.4,29.0,19.8,68.0,6.9,6.3,11.1,69.70833333333333,nan
23.2,30.6,19.7,71.0,6.9,6.7,9.4,62.375,nan
22.7,27.4,20.2,76.0,6.9,7.4,11.1,24.875,nan
22.6,25.8,19.8,79.0,5.5,5.0,9.4,43.958333333333336,nan
24.1,28.0,20.5,76.0,6.9,5.0,7.6,41.5,nan
24.3,28.6,20.9,75.0,7.4,6.9,11.1,38.79166666666666,nan
23.2,29.7,19.6,72.0,6.3,4.6,7.6,31.65217391304348,nan
23.6,29.5,18.8,68.0,6.3,3.7,7.6,26.666666666666668,nan
25.3,30.7,20.3,64.0,5.5,3.5,5.4,29.0,nan
24.6,31.6,19.7,60.0,6.3,3.0,5.4,61.708333333333336,nan
24.6,30.6,19.8,65.0,6.3,5.2,7.6,63.17391304347826,nan
23.9,31.3,19.6,70.0,6.3,5.0,5.4,41.583333333333336,nan
23.6,29.3,20.1,72.0,5.3,1.5,3.5,80.04166666666667,nan
24.8,29.0,21.0,59.0,6.9,1.3,3.5,82.83333333333333,nan
23.9,30.6,19.4,54.0,6.9,1.9,3.5,95.25,nan
25.0,31.2,18.7,48.0,6.9,0.9,3.5,126.16666666666669,nan
24.6,31.1,19.1,50.0,6.9,1.5,3.5,136.70833333333334,nan
24.9,31.2,19.1,50.0,6.3,2.8,3.5,160.66666666666666,nan
24.8,31.3,19.8,49.0,6.3,0.9,3.5,245.66666666666663,nan
24.2,31.0,18.4,52.0,6.9,0.7,5.4,261.6666666666667,nan
25.2,30.8,19.4,45.0,7.4,1.1,3.5,272.4166666666667,nan
24.5,30.7,20.1,68.0,6.3,4.1,5.4,149.625,nan
23.7,30.6,20.8,72.0,5.5,2.2,7.6,99.70833333333331,nan
24.1,29.1,20.1,66.0,6.3,2.2,3.5,217.375,nan
25.2,30.0,20.9,61.0,6.9,2.6,7.6,337.5,nan
24.0,31.5,18.7,49.0,6.9,2.2,3.5,321.5416666666667,nan
23.4,30.6,18.8,48.0,6.9,3.0,7.6,278.0,nan
22.5,30.3,17.7,49.0,6.9,2.8,7.6,192.33333333333331,nan
24.1,30.9,20.4,68.0,5.5,4.3,5.4,214.63636363636363,nan
24.6,30.1,20.3,61.0,6.9,2.6,7.6,221.54166666666663,nan
24.3,30.4,19.6,65.0,6.9,3.7,7.6,210.54166666666663,nan
23.3,29.7,18.4,57.0,6.9,3.1,5.4,130.70833333333334,nan
22.9,30.5,18.1,47.0,6.9,3.5,5.4,194.70833333333331,nan
22.9,31.0,16.6,40.0,7.7,2.8,3.5,250.875,nan
23.4,31.5,15.9,33.0,7.4,2.2,5.4,110.0,nan
22.6,31.5,15.0,39.0,6.9,0.9,3.5,160.0,nan
23.0,32.5,14.2,39.0,6.3,1.3,3.5,217.91666666666663,nan
21.6,30.0,17.6,58.0,6.9,3.0,3.5,118.91666666666669,nan
21.0,26.9,18.0,86.0,5.5,2.0,5.4,176.375,nan
21.1,26.9,18.9,88.0,6.3,4.1,5.4,185.95833333333331,nan
22.1,28.0,15.0,59.0,6.3,2.4,5.4,239.125,nan
22.8,29.0,18.4,61.0,6.6,1.9,5.4,365.2916666666667,nan
22.6,29.5,16.2,42.0,6.9,1.9,3.5,312.2083333333333,nan
18.9,25.0,17.7,97.0,4.0,4.3,5.4,121.33333333333331,nan
20.3,22.0,18.6,90.0,4.0,3.9,5.4,202.875,nan
21.8,26.5,17.9,70.0,6.3,3.7,7.6,260.1666666666667,nan
22.0,28.9,16.7,57.0,6.3,2.8,5.4,277.7083333333333,nan
21.8,29.4,15.6,67.0,6.9,3.5,5.4,284.1666666666667,nan
22.6,29.0,17.7,63.0,5.8,1.3,3.5,288.4166666666667,nan
20.6,30.5,14.7,62.0,6.0,2.2,3.5,166.91666666666666,nan
21.8,29.0,14.8,46.0,5.8,1.5,3.5,169.0,nan
21.5,30.4,14.9,42.0,6.0,3.0,5.4,186.04166666666663,nan
21.0,27.6,14.6,61.0,6.0,2.2,3.5,284.7958333333333,nan
21.6,27.7,17.0,59.0,6.8,2.0,3.5,239.69545454545457,nan
22.3,29.0,16.1,48.0,6.9,2.8,3.5,182.1875,nan
20.9,29.0,16.0,66.0,5.5,2.2,3.5,264.06428571428575,nan
20.9,27.8,16.0,62.0,6.3,3.0,5.4,223.20833333333331,nan
21.0,28.5,15.0,58.0,6.8,3.0,5.4,200.64583333333337,nan
21.2,28.0,16.9,66.0,5.5,2.2,3.5,285.225,nan
20.7,28.3,17.2,61.0,6.3,2.2,3.5,334.3411764705882,nan
20.7,27.2,15.5,61.0,6.3,3.3,5.4,276.90833333333336,nan
20.4,28.2,15.8,64.0,6.3,2.8,7.6,108.0,nan
21.7,27.6,15.3,64.0,6.3,3.5,5.4,107.625,nan
21.7,28.9,18.5,68.0,6.3,5.2,11.1,125.89166666666668,nan
22.6,30.3,16.7,52.0,6.3,3.1,5.4,181.01250000000005,nan
21.9,29.2,18.3,75.0,4.0,3.7,7.6,152.55416666666667,nan
22.1,26.0,19.7,79.0,6.3,3.5,5.4,152.32083333333335,nan
23.9,31.7,18.2,54.0,6.9,2.8,7.6,319.7375,nan
23.1,32.0,16.0,46.0,6.9,3.3,3.5,332.7083333333333,nan
23.5,31.5,16.4,40.0,7.7,3.1,3.5,279.6,nan
22.7,31.7,16.7,50.0,6.9,3.1,5.4,179.11666666666667,nan
23.9,30.9,16.1,36.0,6.9,3.1,5.4,54.79166666666666,nan
23.8,32.2,16.6,37.0,6.3,3.0,7.6,93.375,nan
23.4,32.0,15.8,35.0,6.9,3.1,5.4,103.0,nan
22.1,29.6,15.8,54.0,6.9,4.3,5.4,132.20833333333334,nan
22.6,28.8,17.4,61.0,6.3,3.5,5.4,127.70833333333331,nan
23.1,29.0,17.3,45.0,6.9,3.9,5.4,145.77777777777777,nan
23.7,31.2,16.8,42.0,6.9,1.5,5.4,90.33333333333331,nan
24.6,31.8,17.7,38.0,6.3,1.9,3.5,135.83333333333334,nan
25.9,33.4,19.3,41.0,6.3,2.4,5.4,122.5,nan
26.7,35.5,19.0,31.0,5.5,1.9,3.5,69.66666666666667,nan
25.8,34.9,20.0,41.0,6.9,3.3,5.4,79.83333333333333,nan
24.3,33.3,19.1,36.0,6.9,4.3,9.4,83.61111111111111,nan
24.2,32.5,16.9,29.0,6.9,3.3,7.6,36.35714285714285,nan
24.4,32.0,15.7,33.0,6.9,3.9,5.4,2.555555555555556,nan
25.8,32.0,18.2,43.0,6.9,3.0,5.4,2.095238095238096,nan
26.2,33.1,21.5,60.0,6.9,3.0,5.4,105.83333333333331,nan
25.6,33.8,21.1,62.0,6.9,0.4,3.5,117.58333333333331,nan
26.7,32.5,21.2,54.0,6.9,2.8,5.4,122.70833333333331,nan
26.6,34.3,22.2,57.0,6.9,3.3,3.5,111.95833333333331,nan
25.2,34.0,22.0,67.0,6.9,3.1,5.4,59.208333333333336,nan
25.3,30.4,20.8,57.0,6.9,3.9,7.6,80.56521739130434,nan
28.0,35.0,22.4,45.0,6.9,3.1,5.4,98.70833333333331,nan
28.0,36.0,23.2,48.0,6.9,3.0,5.4,123.70833333333331,nan
27.4,34.8,22.4,49.0,6.9,2.4,3.5,64.79166666666667,nan
28.1,35.6,20.6,25.0,6.9,1.9,3.5,52.333333333333336,nan
28.6,37.2,21.6,28.0,6.9,2.8,5.4,52.04166666666666,nan
28.3,36.1,21.2,28.0,6.9,2.4,5.4,128.33333333333334,nan
29.2,35.4,22.1,30.0,6.9,2.8,5.4,0.0,nan
28.6,35.8,22.5,34.0,6.9,2.8,5.4,46.41666666666666,nan
28.9,36.3,21.9,40.0,6.9,3.1,3.5,33.09090909090909,nan
29.4,35.6,23.5,39.0,6.9,3.9,5.4,36.42857142857143,nan
28.6,35.5,22.5,49.0,6.9,3.0,5.4,81.83333333333333,nan
30.1,36.0,24.5,39.0,6.9,3.5,5.4,105.33333333333331,nan
29.4,36.5,24.4,43.0,8.5,3.5,3.5,117.75,nan
29.3,37.0,24.0,31.0,6.9,1.9,3.5,84.5,nan
28.8,36.5,23.2,36.0,6.9,4.1,7.6,46.91666666666666,nan
29.0,35.6,22.6,38.0,6.9,3.9,5.4,104.625,nan
28.9,35.6,23.5,53.0,6.9,4.1,5.4,110.875,nan
26.6,35.7,23.0,65.0,6.9,4.3,7.6,147.28571428571428,nan
26.9,35.2,21.7,60.0,6.3,4.4,5.4,0.0,nan
27.5,37.0,22.6,53.0,6.9,4.8,7.6,120.875,nan
28.7,37.0,22.5,47.0,6.9,1.3,3.5,127.86666666666666,nan
29.1,35.6,24.0,48.0,6.9,3.0,5.4,0.0,nan
26.8,35.6,20.5,48.0,6.9,3.9,9.4,94.75,nan
27.6,35.1,22.3,49.0,6.9,3.3,7.6,142.5,nan
28.2,34.2,23.3,51.0,6.9,2.8,3.5,133.375,nan
27.3,36.6,21.0,55.0,6.3,3.1,7.6,147.83333333333334,nan
26.9,37.0,20.8,59.0,6.9,2.8,3.5,158.29166666666666,nan
26.0,33.2,22.5,67.0,6.9,3.1,7.6,149.58333333333334,nan
28.1,33.0,23.7,60.0,6.9,2.0,5.4,101.5,nan
27.1,33.8,22.5,63.0,6.9,5.0,7.6,106.5,nan
27.1,35.0,21.8,58.0,6.3,6.9,18.3,128.125,nan
26.2,35.5,19.4,67.0,6.9,4.3,7.6,101.95833333333331,nan
26.8,33.7,20.2,61.0,6.9,4.8,9.4,98.41666666666669,nan
26.1,35.1,19.9,70.0,6.9,4.6,7.6,94.375,nan
27.6,34.0,21.9,67.0,8.5,4.3,7.6,107.625,nan
26.2,33.3,21.0,75.0,6.9,6.1,9.4,110.41666666666669,nan
23.1,33.1,20.0,84.0,6.3,5.0,7.6,95.83333333333331,nan
24.9,31.2,20.8,74.0,6.9,6.3,9.4,72.25,nan
26.1,31.5,20.8,69.0,6.9,4.4,5.4,38.66666666666666,nan
26.4,32.1,21.8,70.0,6.9,6.3,9.4,45.375,nan
25.7,32.4,22.0,70.0,6.9,6.3,7.6,65.16666666666667,nan
23.9,31.2,22.0,71.0,6.9,7.4,9.4,66.08333333333333,nan
25.0,29.6,21.5,67.0,6.9,7.4,9.4,77.66666666666667,nan
23.4,29.6,21.1,77.0,6.9,8.1,14.8,70.25,nan
24.2,27.5,20.7,78.0,6.9,7.2,9.4,56.29166666666666,nan
25.8,29.7,22.0,66.0,6.9,7.4,11.1,77.0,nan
25.1,31.2,21.5,67.0,6.9,7.0,9.4,32.958333333333336,nan
23.4,29.0,20.0,76.0,6.9,5.2,9.4,80.625,nan
24.2,28.0,21.0,83.0,6.9,5.7,7.6,90.70833333333331,nan
24.6,29.0,20.8,75.0,6.9,7.8,9.4,97.29166666666669,nan
23.8,29.4,20.6,77.0,6.9,8.9,14.8,50.708333333333336,nan
24.2,29.0,20.4,71.0,7.4,11.9,18.3,40.375,nan
23.6,29.5,20.4,73.0,7.4,10.9,14.8,49.41666666666666,nan
24.6,29.0,19.3,69.0,6.9,8.0,11.1,64.56521739130434,nan
25.2,29.7,20.5,66.0,6.9,7.2,11.1,0.0,nan
23.8,29.9,20.9,76.0,6.9,7.6,14.8,54.76923076923077,nan
23.2,29.3,20.5,79.0,6.9,3.9,5.4,51.26086956521739,nan
23.2,27.4,20.4,78.0,6.9,4.4,7.6,43.66666666666666,nan
24.4,28.2,20.2,68.0,6.9,5.0,9.4,29.83333333333333,nan
22.9,28.5,20.0,75.0,7.4,7.6,51.9,35.208333333333336,nan
22.9,27.0,20.0,73.0,6.9,9.4,14.8,37.625,nan
22.2,27.2,20.2,80.0,6.9,11.1,14.8,41.458333333333336,nan
22.2,26.6,20.6,87.0,6.9,10.2,14.8,38.583333333333336,nan
23.5,26.7,20.6,66.0,6.9,9.1,11.1,36.0,nan
23.8,28.7,19.7,74.0,6.9,8.1,11.1,70.58333333333333,nan
25.2,30.3,20.5,65.0,6.9,7.2,9.4,33.166666666666664,nan
25.4,30.5,20.5,64.0,6.9,9.1,14.8,38.25,nan
24.4,30.2,20.5,71.0,6.9,8.3,14.8,26.58333333333333,nan
24.9,30.7,22.0,75.0,5.8,3.0,7.6,15.416666666666666,nan
25.2,30.5,21.4,67.0,6.9,4.8,11.1,41.375,nan
25.0,31.5,21.6,69.0,6.9,5.7,9.4,25.541666666666668,nan
24.3,31.2,20.3,72.0,6.9,8.9,14.8,28.375,nan
25.7,30.2,21.2,65.0,6.3,7.2,11.1,50.333333333333336,nan
25.8,31.2,22.0,66.0,6.9,5.0,14.8,35.375,nan
23.8,31.3,21.5,79.0,6.9,5.6,11.1,31.916666666666668,nan
23.3,27.6,21.2,75.0,6.3,2.8,5.4,35.291666666666664,nan
24.8,27.6,21.6,67.0,6.9,1.9,5.4,26.83333333333333,nan
22.3,28.3,19.2,84.0,6.9,2.2,7.6,21.125,nan
22.6,28.9,20.3,84.0,6.3,6.7,14.8,35.708333333333336,nan
22.3,28.6,20.3,86.0,6.9,8.1,11.1,43.583333333333336,nan
23.6,27.0,20.3,78.0,6.9,7.0,9.4,46.04166666666666,nan
22.8,26.8,20.5,86.0,4.8,6.3,9.4,82.875,nan
23.8,28.0,20.8,77.0,6.9,9.1,11.1,64.91666666666667,nan
22.3,28.5,21.0,89.0,4.8,7.6,14.8,30.666666666666668,nan
24.9,29.0,20.5,73.0,6.4,4.8,9.4,34.416666666666664,nan
23.7,30.6,19.8,84.0,6.3,4.1,7.6,33.166666666666664,nan
22.6,27.8,20.8,92.0,4.8,1.9,5.4,30.625,nan
23.2,27.3,19.9,87.0,5.5,3.7,7.6,30.33333333333333,nan
24.1,28.5,21.3,83.0,6.3,1.9,3.5,0.0,nan
23.9,30.0,20.5,82.0,6.3,2.0,11.1,0.0,nan
23.6,28.2,20.0,82.0,6.8,2.0,5.4,0.0,nan
25.3,31.0,22.2,72.0,6.9,4.6,7.6,92.25,nan
24.8,30.6,21.0,75.0,6.9,5.9,11.1,83.45833333333333,nan
23.7,31.1,21.0,78.0,6.9,6.3,7.6,71.66666666666667,nan
23.1,27.2,20.4,75.0,6.3,11.7,14.8,69.70833333333333,nan
23.2,27.7,19.4,68.0,6.9,10.9,18.3,62.375,nan
22.8,28.5,19.3,80.0,6.3,10.0,14.8,24.875,nan
22.8,29.0,19.4,81.0,6.3,3.3,5.4,43.958333333333336,nan
23.8,27.2,20.6,78.0,6.9,3.9,9.4,41.5,nan
21.9,28.1,20.0,91.0,5.5,4.1,7.6,38.79166666666666,nan
23.1,27.4,20.7,85.0,6.3,4.3,7.6,31.65217391304348,nan
23.3,28.4,19.4,82.0,6.3,3.1,5.4,26.666666666666668,nan
24.9,28.0,20.6,74.0,6.9,4.3,7.6,29.0,nan
23.7,29.0,21.2,84.0,5.5,1.1,5.4,61.708333333333336,nan
24.6,28.8,21.3,80.0,6.9,3.0,7.6,63.17391304347826,nan
24.8,29.0,21.5,80.0,6.6,3.1,37.0,41.583333333333336,nan
22.9,27.5,20.5,87.0,5.3,2.4,5.4,80.04166666666667,nan
22.1,27.6,19.8,93.0,3.7,1.9,9.4,82.83333333333333,nan
22.3,25.6,19.6,85.0,5.3,6.5,7.6,95.25,nan
23.7,29.0,20.1,67.0,6.0,1.3,3.5,126.16666666666669,nan
24.4,29.8,20.4,67.0,6.3,3.1,7.6,136.70833333333334,nan
24.8,30.6,20.4,66.0,6.3,3.1,7.6,160.66666666666666,nan
25.2,31.3,20.8,64.0,6.3,2.4,5.4,245.66666666666663,nan
23.7,29.6,21.0,68.0,7.7,2.4,5.4,261.6666666666667,nan
23.9,28.8,20.2,68.0,6.9,2.0,5.4,272.4166666666667,nan
22.2,26.7,19.4,71.0,6.9,5.6,7.6,149.625,nan
21.7,25.0,19.9,78.0,6.9,5.0,7.6,99.70833333333331,nan
22.9,26.6,18.8,66.0,6.9,3.7,7.6,217.375,nan
23.2,27.8,19.3,66.0,6.9,3.1,7.6,337.5,nan
21.5,25.6,19.2,87.0,6.9,3.0,5.4,321.5416666666667,nan
22.0,26.0,18.3,80.0,6.9,2.2,7.6,278.0,nan
22.5,27.2,18.6,64.0,6.3,3.9,5.4,192.33333333333331,nan
23.6,28.2,19.3,65.0,6.3,4.1,7.6,224.16666666666663,nan
23.5,29.1,19.4,74.0,6.9,0.9,5.4,214.63636363636363,nan
24.4,28.7,21.0,74.0,6.3,2.0,7.6,221.54166666666663,nan
24.1,30.0,20.5,71.0,6.3,2.8,5.4,166.70833333333334,nan
24.2,29.0,20.7,70.0,6.3,3.5,5.4,130.70833333333334,nan
23.8,29.6,20.2,70.0,6.3,3.9,5.4,194.70833333333331,nan
22.7,30.0,18.6,65.0,5.8,5.0,7.6,134.45833333333334,nan
22.2,28.0,17.4,76.0,6.0,4.1,5.4,110.0,nan
22.4,26.8,19.2,78.0,6.0,5.0,11.1,160.0,nan
19.8,24.7,19.0,95.0,4.0,7.0,9.4,118.91666666666669,nan
19.8,21.6,18.2,88.0,4.8,7.0,9.4,176.375,nan
20.8,23.6,18.3,82.0,6.9,4.6,9.4,185.95833333333331,nan
22.8,29.2,18.5,63.0,6.3,3.1,7.6,239.125,nan
22.6,29.7,15.9,47.0,6.3,0.7,5.4,365.2916666666667,nan
22.7,28.1,19.6,72.0,4.2,1.1,5.4,121.33333333333331,nan
22.6,28.5,18.4,63.0,6.0,4.6,9.4,202.875,nan
22.2,29.3,17.1,66.0,6.0,5.7,7.6,260.1666666666667,nan
21.0,26.0,15.3,63.0,6.3,6.7,9.4,277.7083333333333,nan
22.1,28.0,17.2,58.0,6.3,3.1,5.4,284.1666666666667,nan
22.0,28.8,16.0,56.0,6.3,4.3,7.6,288.4166666666667,nan
20.4,28.5,16.6,72.0,6.0,0.9,3.5,166.91666666666666,nan
21.6,28.0,16.2,57.0,6.3,4.8,7.6,169.0,nan
20.6,29.2,15.5,57.0,5.8,4.6,5.4,186.04166666666663,nan
22.2,28.4,16.6,53.0,7.7,0.9,5.4,255.875,nan
22.2,29.0,18.4,62.0,6.0,3.9,5.4,239.1304347826087,nan
20.4,27.2,15.2,52.0,6.3,4.1,7.6,298.4583333333333,nan
20.1,27.2,14.8,50.0,6.9,6.5,7.6,264.9166666666667,nan
21.2,26.6,15.5,59.0,6.3,6.7,9.4,422.0869565217391,nan
23.4,30.6,17.6,48.0,6.3,4.1,5.4,323.1428571428572,nan
23.3,31.0,16.3,42.0,5.8,2.8,11.1,263.6,nan
22.4,30.7,16.3,49.0,6.3,3.3,7.6,376.9166666666667,nan
20.7,28.7,14.3,48.0,6.9,7.2,9.4,0.0,nan
20.4,28.0,14.2,45.0,6.3,4.6,7.6,0.0,nan
20.9,28.5,14.3,46.0,6.3,4.1,7.6,97.71428571428572,nan
22.7,29.1,17.1,48.0,6.3,2.0,5.4,202.91666666666663,nan
21.9,29.8,16.2,44.0,6.3,2.6,7.6,205.125,nan
21.3,29.0,16.0,53.0,6.9,4.4,11.1,214.125,nan
21.4,29.2,15.0,42.0,6.9,5.2,9.4,315.7916666666667,nan
21.9,29.6,13.2,26.0,6.9,3.1,7.6,322.25,nan
22.6,30.4,15.9,30.0,8.5,5.4,9.4,246.04166666666663,nan
21.7,30.1,15.8,32.0,6.9,6.3,11.1,209.65217391304347,nan
23.3,32.3,20.2,67.0,6.3,3.0,5.4,103.82608695652172,nan
23.3,30.0,19.2,54.0,6.9,2.4,5.4,143.91666666666666,nan
24.4,30.2,19.7,61.0,6.9,1.5,5.4,104.6086956521739,nan
23.5,30.2,18.5,49.0,6.3,5.0,11.1,165.0,nan
23.3,29.9,17.9,58.0,6.9,5.6,7.6,116.45833333333331,nan
23.4,30.7,17.4,60.0,6.3,5.7,7.6,143.0,nan
24.3,32.1,16.8,34.0,6.3,5.0,9.4,231.125,nan
22.8,32.2,17.4,39.0,6.9,7.4,18.3,276.2105263157895,nan
24.2,31.5,17.5,31.0,6.9,5.4,11.1,211.0,nan
24.7,31.2,17.3,34.0,7.4,6.9,11.1,139.22222222222223,nan
25.0,32.0,17.8,34.0,6.9,3.9,5.4,204.54545454545453,nan
25.2,32.7,18.2,28.0,6.9,5.9,11.1,130.16666666666666,nan
25.2,33.2,18.2,26.0,6.9,5.2,7.6,123.125,nan
25.5,32.5,18.3,25.0,6.9,4.8,7.6,120.91666666666669,nan
25.7,33.2,17.5,21.0,6.9,2.4,5.4,153.625,nan
25.5,34.6,16.5,29.0,7.7,7.0,11.1,130.33333333333334,nan
25.4,33.5,18.5,25.0,6.9,5.7,9.4,110.70833333333331,nan
26.2,33.3,17.8,27.0,6.9,5.9,7.6,138.5,nan
25.8,32.5,20.1,57.0,6.9,4.1,7.6,75.75,nan
26.5,31.6,22.4,50.0,6.9,4.8,11.1,146.54166666666666,nan
25.8,32.1,21.6,60.0,6.9,4.6,11.1,174.9375,nan
25.6,31.0,19.6,39.0,7.4,2.8,48.2,80.04166666666667,nan
26.7,33.8,19.5,37.0,6.9,2.4,5.4,100.04166666666669,nan
27.4,33.7,21.4,44.0,6.9,2.2,3.5,109.45833333333331,nan
27.3,33.4,21.7,43.0,7.7,3.9,7.6,110.16666666666669,nan
27.1,34.1,20.8,34.0,6.9,3.3,7.6,108.20833333333331,nan
27.4,34.4,21.5,42.0,6.9,3.3,5.4,103.83333333333331,nan
25.9,34.8,21.1,60.0,6.3,4.1,9.4,74.29166666666667,nan
27.6,33.2,21.2,54.0,6.9,2.0,7.6,101.79166666666669,nan
24.7,33.5,20.6,72.0,6.9,2.2,5.4,106.16666666666669,nan
26.1,33.1,19.8,55.0,7.4,0.7,3.5,89.875,nan
26.7,33.5,21.6,51.0,8.5,3.1,5.4,48.208333333333336,nan
26.4,32.6,21.0,47.0,6.9,5.0,7.6,47.04166666666666,nan
26.2,32.7,21.0,49.0,6.9,5.2,7.6,67.79166666666667,nan
27.6,33.5,21.7,51.0,6.9,5.9,11.1,56.66666666666666,nan
28.3,34.0,23.1,50.0,6.9,5.2,7.6,79.0,nan
28.2,34.6,23.9,52.0,7.7,3.9,7.6,123.58333333333331,nan
27.9,34.8,23.9,63.0,6.9,2.0,7.6,80.29166666666667,nan
25.5,34.0,22.8,63.0,6.9,1.1,5.4,137.875,nan
28.2,34.8,22.2,51.0,7.4,1.1,3.5,87.875,nan
26.6,34.0,22.2,63.0,6.9,3.1,7.6,121.20833333333331,nan
27.2,34.4,22.8,62.0,6.9,4.1,5.4,97.04166666666669,nan
28.3,34.7,22.0,51.0,9.2,2.8,9.4,96.08695652173913,nan
26.9,35.2,21.4,64.0,6.3,5.0,11.1,130.625,nan
26.5,33.0,23.3,73.0,7.7,4.8,9.4,90.5,nan
25.9,34.0,20.0,72.0,6.9,3.0,9.4,55.41666666666666,nan
27.8,33.5,23.4,57.0,6.9,3.9,7.6,108.33333333333331,nan
25.9,33.5,22.8,70.0,6.9,3.7,9.4,198.875,nan
27.2,32.8,21.8,59.0,6.9,4.1,9.4,120.70833333333331,nan
24.9,32.0,21.5,74.0,7.4,1.1,37.0,60.54166666666666,nan
23.8,32.0,21.0,78.0,6.9,1.9,5.4,79.0,nan
24.8,31.4,20.6,63.0,6.3,0.9,3.5,133.70833333333334,nan
25.9,31.2,21.4,66.0,6.9,6.1,11.1,53.25,nan
25.2,32.4,20.5,65.0,6.9,2.6,9.4,65.16666666666667,nan
24.1,32.4,21.5,77.0,6.3,3.1,11.1,83.58333333333333,nan
23.5,32.0,21.4,89.0,6.3,4.1,7.6,40.66666666666666,nan
25.0,29.8,21.1,78.0,5.5,2.4,5.4,48.125,nan
26.0,30.8,22.2,71.0,6.9,2.2,5.4,103.16666666666669,nan
25.6,29.7,20.9,77.0,7.7,6.7,9.4,143.375,nan
24.4,30.3,21.8,83.0,6.6,3.5,5.4,44.79166666666666,nan
23.8,31.0,20.9,81.0,5.5,3.9,7.6,75.08695652173913,nan
23.7,29.8,20.8,83.0,6.9,6.5,7.6,60.0,nan
23.9,30.1,21.7,79.0,6.9,12.0,14.8,101.0,nan
23.3,29.0,21.2,83.0,6.3,11.9,16.5,76.20833333333333,nan
22.0,25.8,20.7,86.0,6.6,12.8,14.8,88.0,nan
24.1,28.3,20.8,77.0,6.3,11.3,14.8,48.833333333333336,nan
23.2,27.9,21.0,84.0,6.3,7.8,11.1,85.94444444444444,nan
23.8,29.6,20.5,77.0,6.9,6.5,9.4,113.70588235294116,nan
23.8,28.9,20.1,74.0,6.9,12.8,14.8,74.76190476190476,nan
23.4,29.1,20.7,78.0,6.9,12.6,14.8,62.47619047619048,nan
23.5,28.0,20.9,79.0,6.9,9.1,11.1,78.54166666666667,nan
23.5,27.8,20.1,77.0,6.9,8.3,11.1,49.125,nan
23.1,28.1,20.2,75.0,6.9,11.9,16.5,83.21052631578948,nan
21.9,28.0,20.1,86.0,6.9,10.0,14.8,79.0,nan
24.2,29.5,20.6,75.0,6.9,9.4,14.8,233.26315789473685,nan
24.8,29.4,20.9,68.0,6.9,10.9,14.8,143.1578947368421,nan
24.4,30.2,20.7,68.0,6.9,8.1,11.1,233.9333333333333,nan
22.9,26.3,20.5,82.0,6.9,11.3,16.5,117.17391304347828,nan
22.4,26.4,20.3,86.0,8.0,6.7,9.4,66.13636363636364,nan
22.8,26.4,20.7,85.0,6.9,8.7,14.8,71.0,nan
22.2,27.4,20.5,86.0,7.7,10.9,14.8,283.2307692307692,nan
22.4,26.5,20.3,86.0,6.9,8.5,11.1,269.9166666666667,nan
23.6,27.2,20.4,74.0,6.9,10.0,13.0,162.25,nan
23.0,28.6,21.0,79.0,6.9,14.8,25.9,104.5,nan
23.0,27.0,20.4,77.0,6.9,14.6,22.2,226.41176470588235,nan
22.7,26.9,20.3,83.0,8.5,14.8,18.3,159.0,nan
23.3,28.2,20.2,82.0,6.9,9.1,14.8,31.45833333333333,nan
23.7,28.8,20.6,79.0,6.9,8.9,11.1,47.375,nan
23.3,27.3,20.5,76.0,6.9,10.9,16.5,38.16666666666666,nan
23.1,28.3,20.3,81.0,6.9,10.0,22.2,35.958333333333336,nan
21.9,27.2,19.4,85.0,5.5,8.7,18.3,27.363636363636363,nan
23.6,28.0,18.7,77.0,6.9,9.6,22.2,45.833333333333336,nan
23.3,28.6,20.8,76.0,6.9,8.5,16.5,33.708333333333336,nan
21.9,27.7,19.7,84.0,7.4,11.1,14.8,26.416666666666668,nan
22.0,25.4,20.0,88.0,5.5,8.3,13.0,30.666666666666668,nan
23.4,27.6,20.2,76.0,6.3,9.8,18.3,29.95833333333333,nan
21.7,24.6,19.4,85.0,7.4,10.2,18.3,23.875,nan
21.9,25.0,19.6,88.0,5.5,10.0,22.2,22.33333333333333,nan
22.2,25.7,20.1,87.0,5.5,7.6,11.1,25.08333333333333,nan
23.3,27.4,20.7,77.0,6.3,13.1,18.3,66.79166666666667,nan
22.8,27.3,20.2,78.0,6.9,11.7,18.3,64.875,nan
23.3,27.4,19.7,72.0,6.9,10.6,18.3,47.583333333333336,nan
23.7,27.8,19.8,75.0,6.9,8.3,11.1,42.31578947368421,nan
22.4,28.5,20.0,83.0,6.3,6.3,14.8,43.04166666666666,nan
21.9,28.3,19.5,86.0,6.3,6.7,11.1,38.41666666666666,nan
23.3,28.8,20.3,78.0,7.4,6.9,11.1,49.29166666666666,nan
23.7,28.3,20.0,73.0,6.9,6.5,11.1,19.541666666666668,nan
23.8,28.2,20.3,71.0,6.6,7.8,9.4,22.83333333333333,nan
24.7,29.3,19.7,61.0,6.9,6.5,9.4,25.347826086956523,nan
24.4,29.2,20.3,63.0,6.9,8.7,14.8,74.66666666666667,nan
24.3,29.1,20.1,66.0,6.9,7.8,14.8,41.875,nan
25.7,30.0,20.5,59.0,6.9,5.4,9.4,50.583333333333336,nan
25.0,31.6,22.3,72.0,6.9,1.9,3.5,58.125,nan
24.8,30.3,20.4,69.0,6.3,1.5,5.4,57.29166666666666,nan
23.9,31.7,20.1,77.0,6.6,2.0,5.4,38.25,nan
22.7,29.1,19.5,81.0,6.3,5.0,9.4,56.91666666666666,nan
23.5,28.4,20.0,71.0,6.3,5.7,9.4,54.625,nan
23.9,28.2,18.4,64.0,6.9,4.8,7.6,42.875,nan
23.7,30.3,19.9,79.0,5.5,0.4,3.5,43.333333333333336,nan
25.1,29.2,21.3,72.0,6.9,3.5,5.4,41.875,nan
25.3,29.9,21.4,69.0,6.9,3.7,7.6,44.41666666666666,nan
25.5,30.9,21.6,73.0,6.9,5.2,7.6,62.9375,nan
24.9,30.3,21.3,71.0,6.9,4.6,5.4,0.0,nan
24.1,30.4,21.6,75.0,6.9,5.0,7.6,0.0,nan
24.2,28.2,20.2,70.0,6.9,3.3,5.4,91.5,nan
24.1,29.5,20.8,72.0,6.3,3.1,3.5,70.70833333333333,nan
24.3,29.5,20.6,65.0,6.3,1.5,5.4,51.79166666666666,nan
25.0,31.5,20.4,67.0,6.3,2.4,5.4,0.0,nan
24.0,30.3,21.0,75.0,6.9,3.1,3.5,21.384615384615383,nan
23.4,29.8,20.1,82.0,6.9,0.4,3.5,13.0,nan
24.4,28.7,20.2,71.0,7.4,3.1,3.5,156.25,nan
23.8,29.3,19.7,58.0,6.9,3.1,3.5,178.28571428571428,nan
23.7,29.0,19.7,60.0,6.3,5.0,7.6,158.3913043478261,nan
23.9,30.2,18.2,58.0,5.5,5.0,9.4,252.625,nan
23.8,29.3,18.7,58.0,6.6,4.6,7.6,119.41666666666669,nan
23.4,29.5,18.2,51.0,6.9,3.7,7.6,126.0,nan
24.8,30.1,19.7,64.0,6.3,4.6,11.1,232.33333333333331,nan
24.3,30.4,20.0,65.0,6.3,3.9,5.4,215.54166666666663,nan
22.9,30.3,19.8,78.0,6.6,5.2,5.4,239.41666666666663,nan
22.8,27.7,20.4,81.0,5.5,8.1,14.8,196.54166666666663,nan
23.3,30.0,18.0,48.0,6.9,3.9,7.6,232.54166666666663,nan
22.2,29.6,16.0,60.0,6.9,3.0,5.4,185.5,nan
23.4,29.2,17.5,58.0,6.3,5.0,7.6,282.1666666666667,nan
22.4,30.0,16.2,44.0,6.9,1.3,3.5,268.8695652173913,nan
23.0,30.5,14.8,44.0,6.9,0.9,3.5,166.875,nan
23.3,31.0,16.5,68.0,6.9,5.4,7.6,135.16666666666666,nan
22.6,27.6,19.2,70.0,4.8,3.1,5.4,135.58333333333334,nan
22.2,28.8,18.0,66.0,5.6,3.3,5.4,152.04166666666666,nan
20.8,29.0,16.3,64.0,5.0,5.0,9.4,212.125,nan
21.8,29.5,18.0,62.0,6.3,4.3,9.4,70.0625,nan
21.8,28.3,15.6,56.0,6.9,4.6,7.6,91.75,nan
21.7,28.8,18.2,67.0,6.9,3.3,7.6,104.2608695652174,nan
22.3,29.3,18.3,70.0,6.8,3.1,5.4,119.70833333333331,nan
22.5,28.2,17.7,72.0,6.8,4.8,7.6,110.875,nan
23.1,29.4,17.6,62.0,5.8,5.2,11.1,200.33333333333331,nan
22.3,29.9,18.7,70.0,6.0,3.0,9.4,203.58333333333331,nan
22.8,28.9,17.7,59.0,5.3,3.1,5.4,60.2,nan
21.8,28.9,17.7,59.0,6.3,7.0,9.4,97.85714285714286,nan
21.6,28.5,16.0,67.0,6.3,3.1,11.1,349.2916666666667,nan
22.2,27.7,17.7,63.0,6.9,2.8,7.6,188.04166666666663,nan
22.7,28.4,18.1,65.0,6.3,3.9,5.4,310.25,nan
23.4,29.1,18.4,62.0,6.0,5.7,9.4,258.1578947368421,nan
23.8,30.2,17.7,56.0,5.5,6.1,9.4,223.25,nan
24.0,31.4,19.0,63.0,6.3,5.4,7.6,248.95833333333331,nan
